#	Group.1.residue0	Group.1.residue25	Group.1.residue50	Group.1.residue75	Group.1.residue100	Group.2.residue0	Group.2.residue25	Group.2.residue50	Group.2.residue75	Group.2.residue100	Group.3.residue0	Group.3.residue25	Group.3.residue50	Group.3.residue75	Group.3.residue100
P31946	1.6260162601626018	23.577235772357724	42.68292682926829	73.98373983739837	100.0	0.8130081300813009	23.983739837398375	55.28455284552846	76.01626016260163	99.1869918699187	0.40650406504065045	24.796747967479675	48.3739837398374	72.76422764227642	93.4959349593496
P62258	0.7843137254901961	21.96078431372549	45.490196078431374	78.82352941176471	100.0	3.5294117647058822	29.01960784313726	54.11764705882353	71.37254901960785	96.47058823529412	0.39215686274509803	23.52941176470588	42.35294117647059	70.58823529411765	98.0392156862745
Q04917	1.2195121951219512	23.170731707317074	45.9349593495935	76.01626016260163	100.0	0.8130081300813009	23.577235772357724	56.09756097560976	74.39024390243902	99.59349593495935	0.40650406504065045	25.609756097560975	46.7479674796748	73.57723577235772	94.71544715447155
P61981	1.214574898785425	20.647773279352226	44.534412955465584	75.7085020242915	100.0	4.4534412955465585	28.34008097165992	56.68016194331984	74.08906882591093	99.19028340080972	0.4048582995951417	24.291497975708502	44.12955465587044	73.27935222672065	94.33198380566802
P31947	0.8064516129032258	22.177419354838708	44.354838709677416	70.56451612903226	99.59677419354838	1.6129032258064515	27.82258064516129	54.83870967741935	77.41935483870968	100.0	0.4032258064516129	20.967741935483872	47.58064516129033	71.7741935483871	92.74193548387096
